file,qr_data,d_real_cm,angle_deg,qr_width_px,d_simple_cm,d_pnp_cm,err_simple_%,err_pnp_%
d030_a00_1.png,Mr-eka,30,0,999.0,22797.02,52.82,75890.07,76.05
d030_a00_2.png,Mr-eka,30,0,999.0,22797.02,52.82,75890.07,76.05
d030_a00_3.png,Mr-eka,30,0,999.0,22797.02,52.82,75890.07,76.05
d060_a00_1.png,Mr-eka,60,0,598.0,38083.75,107.63,63372.91,79.39
d060_a00_2.png,Mr-eka,60,0,598.0,38083.75,107.63,63372.91,79.39
d060_a00_3.png,Mr-eka,60,0,598.0,38083.75,107.63,63372.91,79.39
d060_a15_1.png,Mr-eka,60,15,597.9,38091.04,23.43,63385.07,60.95
d060_a15_2.png,Mr-eka,60,15,597.9,38091.04,23.43,63385.07,60.95
d060_a15_3.png,Mr-eka,60,15,597.9,38091.04,23.43,63385.07,60.95
d060_a30_1.png,,60,30,600.3,37937.19,18.56,63128.65,69.06
d060_a30_2.png,,60,30,600.3,37937.19,18.56,63128.65,69.06
d060_a30_3.png,,60,30,600.3,37937.19,18.56,63128.65,69.06
d060_a45_1.png,,60,45,503.3,45249.14,2415.71,75315.24,3926.18
d060_a45_2.png,Mr-eka,60,45,598.9,38025.45,21.11,63275.75,64.82
d060_a45_3.png,Mr-eka,60,45,598.9,38025.45,21.11,63275.75,64.82
d060_a60_1.png,Mr-eka,60,60,599.0,38017.39,61.28,63262.31,2.14
d060_a60_2.png,Mr-eka,60,60,599.0,38017.39,61.28,63262.31,2.14
d060_a60_3.png,Mr-eka,60,60,599.0,38017.39,61.28,63262.31,2.14
d090_a00_1.png,Mr-eka,90,0,399.0,57078.26,17.86,63320.29,80.16
d090_a00_2.png,Mr-eka,90,0,399.0,57078.26,17.86,63320.29,80.16
d090_a00_3.png,Mr-eka,90,0,399.0,57078.26,17.86,63320.29,80.16
d120_a00_1.png,Mr-eka,120,0,299.0,76167.97,23.83,63373.31,80.14
d120_a00_2.png,Mr-eka,120,0,299.0,76167.97,23.83,63373.31,80.14
d120_a00_3.png,Mr-eka,120,0,299.0,76167.97,23.83,63373.31,80.14
d150_a00_1.png,Mr-eka,150,0,219.0,103991.89,32.54,69227.93,78.3
d150_a00_2.png,Mr-eka,150,0,219.0,103991.89,32.54,69227.93,78.3
d150_a00_3.png,Mr-eka,150,0,219.0,103991.89,32.54,69227.93,78.3
